{"is_source_file": true, "file_id": 6, "git_revision": "", "state": 1, "description": "", "external_files": [], "external_methods": [], "published": [], "classes": [], "methods": [], "calls": [], "search-terms": [], "ctags": [{"_type": "tag", "name": "NoteBase", "path": "/home/kavia/workspace/code-generation/simple-notes-app-214166-214175/notes_backend/src/api/schemas.py", "pattern": "/^class NoteBase(BaseModel):$/", "language": "Python", "kind": "class"}, {"_type": "tag", "name": "NoteCreate", "path": "/home/kavia/workspace/code-generation/simple-notes-app-214166-214175/notes_backend/src/api/schemas.py", "pattern": "/^class NoteCreate(NoteBase):$/", "language": "Python", "kind": "class"}, {"_type": "tag", "name": "NoteRead", "path": "/home/kavia/workspace/code-generation/simple-notes-app-214166-214175/notes_backend/src/api/schemas.py", "pattern": "/^class NoteRead(NoteBase):$/", "language": "Python", "kind": "class"}, {"_type": "tag", "name": "NoteUpdate", "path": "/home/kavia/workspace/code-generation/simple-notes-app-214166-214175/notes_backend/src/api/schemas.py", "pattern": "/^class NoteUpdate(BaseModel):$/", "language": "Python", "kind": "class"}, {"_type": "tag", "name": "NotesList", "path": "/home/kavia/workspace/code-generation/simple-notes-app-214166-214175/notes_backend/src/api/schemas.py", "pattern": "/^class NotesList(BaseModel):$/", "language": "Python", "kind": "class"}, {"_type": "tag", "name": "content", "path": "/home/kavia/workspace/code-generation/simple-notes-app-214166-214175/notes_backend/src/api/schemas.py", "pattern": "/^    content: Optional[str] = Field(None, min_length=0, description=\"Updated content\\/body\")$/", "language": "Python", "typeref": "typename:Optional[str]", "kind": "variable", "scope": "NoteUpdate", "scopeKind": "class"}, {"_type": "tag", "name": "content", "path": "/home/kavia/workspace/code-generation/simple-notes-app-214166-214175/notes_backend/src/api/schemas.py", "pattern": "/^    content: str = Field(..., min_length=0, description=\"Note content\\/body\")$/", "language": "Python", "typeref": "typename:str", "kind": "variable", "scope": "NoteBase", "scopeKind": "class"}, {"_type": "tag", "name": "created_at", "path": "/home/kavia/workspace/code-generation/simple-notes-app-214166-214175/notes_backend/src/api/schemas.py", "pattern": "/^    created_at: str = Field(..., description=\"ISO-8601 UTC timestamp when the note was created\")$/", "language": "Python", "typeref": "typename:str", "kind": "variable", "scope": "NoteRead", "scopeKind": "class"}, {"_type": "tag", "name": "id", "path": "/home/kavia/workspace/code-generation/simple-notes-app-214166-214175/notes_backend/src/api/schemas.py", "pattern": "/^    id: int = Field(..., description=\"Note ID\")$/", "language": "Python", "typeref": "typename:int", "kind": "variable", "scope": "NoteRead", "scopeKind": "class"}, {"_type": "tag", "name": "items", "path": "/home/kavia/workspace/code-generation/simple-notes-app-214166-214175/notes_backend/src/api/schemas.py", "pattern": "/^    items: list[NoteRead] = Field(..., description=\"List of notes\")$/", "language": "Python", "typeref": "typename:list[NoteRead]", "kind": "variable", "scope": "NotesList", "scopeKind": "class"}, {"_type": "tag", "name": "title", "path": "/home/kavia/workspace/code-generation/simple-notes-app-214166-214175/notes_backend/src/api/schemas.py", "pattern": "/^    title: Optional[str] = Field(None, min_length=1, max_length=200, description=\"Updated title\"/", "language": "Python", "typeref": "typename:Optional[str]", "kind": "variable", "scope": "NoteUpdate", "scopeKind": "class"}, {"_type": "tag", "name": "title", "path": "/home/kavia/workspace/code-generation/simple-notes-app-214166-214175/notes_backend/src/api/schemas.py", "pattern": "/^    title: str = Field(..., min_length=1, max_length=200, description=\"Note title\")$/", "language": "Python", "typeref": "typename:str", "kind": "variable", "scope": "NoteBase", "scopeKind": "class"}, {"_type": "tag", "name": "updated_at", "path": "/home/kavia/workspace/code-generation/simple-notes-app-214166-214175/notes_backend/src/api/schemas.py", "pattern": "/^    updated_at: str = Field(..., description=\"ISO-8601 UTC timestamp when the note was last upda/", "language": "Python", "typeref": "typename:str", "kind": "variable", "scope": "NoteRead", "scopeKind": "class"}], "format": "Python", "hash": "fcf265aa238d7931eb9b2304c0a4df15", "format-version": 4, "code-base-name": "notes_backend", "filename": "notes_backend/src/api/schemas.py", "knowledge_revision": 11}