{"is_source_file": true, "format": "Python", "description": "This file is the main entry point for a FastAPI application, setting up the app instance, configuring CORS middleware, and defining a health check endpoint.", "external_files": ["fastapi", "fastapi.middleware.cors"], "external_methods": ["FastAPI", "CORSMiddleware"], "published": ["app"], "classes": [], "methods": [{"name": "health_check()", "description": "Handles GET requests at the root URL to check the health/status of the application.", "scope": "", "scopeKind": ""}], "calls": ["app.add_middleware", "CORSMiddleware"], "search-terms": ["FastAPI", "CORS", "health check endpoint", "main.py", "API setup"], "state": 2, "file_id": 2, "knowledge_revision": 7, "git_revision": "e1a0ab32435a381ed4a959671743b11e231fd04f", "ctags": [{"_type": "tag", "name": "app", "path": "/home/kavia/workspace/code-generation/simple-notes-app-214166-214175/notes_backend/src/api/main.py", "pattern": "/^app = FastAPI()$/", "language": "Python", "kind": "variable"}, {"_type": "tag", "name": "health_check", "path": "/home/kavia/workspace/code-generation/simple-notes-app-214166-214175/notes_backend/src/api/main.py", "pattern": "/^def health_check():$/", "language": "Python", "kind": "function", "signature": "()"}], "hash": "58352bf5f133908bab16643199aa483d", "format-version": 4, "code-base-name": "notes_backend", "filename": "notes_backend/src/api/main.py", "fields": [{"name": "app = FastAPI()", "scope": "", "scopeKind": "", "description": "unavailable"}], "revision_history": [{"7": "e1a0ab32435a381ed4a959671743b11e231fd04f"}]}