{"is_source_file": true, "file_id": 5, "git_revision": "", "state": 3, "description": "", "external_files": [], "external_methods": [], "published": [], "classes": [], "methods": [], "calls": [], "search-terms": [], "ctags": [{"_type": "tag", "name": "_utc_now_iso", "path": "/home/kavia/workspace/code-generation/simple-notes-app-214166-214175/notes_backend/src/api/db.py", "pattern": "/^def _utc_now_iso() -> str:$/", "language": "Python", "typeref": "typename:str", "kind": "function", "signature": "()"}, {"_type": "tag", "name": "ensure_db_ready", "path": "/home/kavia/workspace/code-generation/simple-notes-app-214166-214175/notes_backend/src/api/db.py", "pattern": "/^def ensure_db_ready() -> None:$/", "language": "Python", "typeref": "typename:None", "kind": "function", "signature": "()"}, {"_type": "tag", "name": "get_connection", "path": "/home/kavia/workspace/code-generation/simple-notes-app-214166-214175/notes_backend/src/api/db.py", "pattern": "/^def get_connection() -> Iterator[sqlite3.Connection]:$/", "language": "Python", "typeref": "typename:Iterator[sqlite3.Connection]", "kind": "function", "signature": "()"}, {"_type": "tag", "name": "get_db_path", "path": "/home/kavia/workspace/code-generation/simple-notes-app-214166-214175/notes_backend/src/api/db.py", "pattern": "/^def get_db_path() -> str:$/", "language": "Python", "typeref": "typename:str", "kind": "function", "signature": "()"}, {"_type": "tag", "name": "init_db", "path": "/home/kavia/workspace/code-generation/simple-notes-app-214166-214175/notes_backend/src/api/db.py", "pattern": "/^def init_db() -> None:$/", "language": "Python", "typeref": "typename:None", "kind": "function", "signature": "()"}, {"_type": "tag", "name": "utc_now_iso", "path": "/home/kavia/workspace/code-generation/simple-notes-app-214166-214175/notes_backend/src/api/db.py", "pattern": "/^def utc_now_iso() -> str:$/", "language": "Python", "typeref": "typename:str", "kind": "function", "signature": "()"}], "format": "Python", "hash": "4ec92d31d1a9d0f89b4748990720f1e9", "format-version": 4, "code-base-name": "notes_backend", "filename": "notes_backend/src/api/db.py", "knowledge_revision": 10}